id,name,model_id:id,group_id:id,perm_read,perm_write,perm_create,perm_unlink
access_hospital_patient_user,hospital.patient user,hospital_base.model_hospital_patient,hospital_base.group_hospital_user,1,0,0,0
access_hospital_patient_doctor,hospital.patient doctor,hospital_base.model_hospital_patient,hospital_base.group_hospital_doctor,1,1,1,0
access_hospital_patient_manager,hospital.patient manager,hospital_base.model_hospital_patient,hospital_base.group_hospital_manager,1,1,1,1
access_hospital_appointment_user,hospital.appointment user,model_hospital_appointment,hospital_base.group_hospital_user,1,0,0,0
access_hospital_appointment_doctor,hospital.appointment doctor,model_hospital_appointment,hospital_base.group_hospital_doctor,1,1,1,0
access_hospital_appointment_manager,hospital.appointment manager,model_hospital_appointment,hospital_base.group_hospital_manager,1,1,1,1
access_hospital_doctor_user,hospital.doctor user,model_hospital_doctor,hospital_base.group_hospital_user,1,0,0,0
access_hospital_doctor_doctor,hospital.doctor doctor,model_hospital_doctor,hospital_base.group_hospital_doctor,1,1,1,0
access_hospital_doctor_manager,hospital.doctor manager,model_hospital_doctor,hospital_base.group_hospital_manager,1,1,1,1
access_hospital_appointment_portal,hospital.appointment.portal,model_hospital_appointment,base.group_portal,1,0,0,0
access_hospital_prescription_user,hospital.prescription user,model_hospital_prescription,hospital_base.group_hospital_user,1,0,0,0
access_hospital_prescription_doctor,hospital.prescription doctor,model_hospital_prescription,hospital_base.group_hospital_doctor,1,1,1,0
access_hospital_prescription_manager,hospital.prescription manager,model_hospital_prescription,hospital_base.group_hospital_manager,1,1,1,1
access_hospital_prescription_line_user,hospital.prescription.line user,model_hospital_prescription_line,hospital_base.group_hospital_user,1,0,0,0
access_hospital_prescription_line_doctor,hospital.prescription.line doctor,model_hospital_prescription_line,hospital_base.group_hospital_doctor,1,1,1,0
access_hospital_prescription_line_manager,hospital.prescription.line manager,model_hospital_prescription_line,hospital_base.group_hospital_manager,1,1,1,1
access_hospital_consultation_user,hospital.consultation user,model_hospital_consultation,hospital_base.group_hospital_user,1,0,0,0
access_hospital_consultation_doctor,hospital.consultation doctor,model_hospital_consultation,hospital_base.group_hospital_doctor,1,1,1,0
access_hospital_consultation_manager,hospital.consultation manager,model_hospital_consultation,hospital_base.group_hospital_manager,1,1,1,1
access_hospital_billing_user,hospital.billing user,model_hospital_billing,hospital_base.group_hospital_user,1,0,0,0
access_hospital_billing_doctor,hospital.billing doctor,model_hospital_billing,hospital_base.group_hospital_doctor,1,1,1,0
access_hospital_billing_manager,hospital.billing manager,model_hospital_billing,hospital_base.group_hospital_manager,1,1,1,1
access_hospital_billing_line_user,hospital.billing.line user,model_hospital_billing_line,hospital_base.group_hospital_user,1,0,0,0
access_hospital_billing_line_doctor,hospital.billing.line doctor,model_hospital_billing_line,hospital_base.group_hospital_doctor,1,1,1,0
access_hospital_billing_line_manager,hospital.billing.line manager,model_hospital_billing_line,hospital_base.group_hospital_manager,1,1,1,1